id,Review,Sentence Component,aspect_text,aspect,sentiment_text,sentiment
1701,sinh viên được được thuyết trình nhưng thật sự chưa hiểu quả .,sinh viên được được thuyết trình nhưng thật sự chưa hiểu quả,thuyết trình,Test and evaluation,thật sự chưa hiểu quả,Negative
1702,thầy ra bài tập nhiều nâng cao năng lực thực hành .,thầy ra bài tập nhiều nâng cao năng lực thực hành, bài tập,Workload,nâng cao năng lực thực hành,Positive
1703,thầy rất gần gũi và hướng dẫn tốt cho sinh viên .,thầy rất gần gũi và hướng dẫn tốt cho sinh viên,thầy rất gần gũ,Support from lecturers,gần gũi và hướng dẫn tốt,Positive
1704,nhiệt tình và giảng dễ hiểu .,nhiệt tình và giảng dễ hiểu,giảng,Teaching quality,nhiệt tình và giảng dễ hiểu,Positive
1705,gộp chung 2 lớp khác khóa lại với nhau dẫn đến sự không cân bằng về kiến thức giữa 2 lớp gây khó khăn cho lớp dưới .,gộp chung 2 lớp khác khóa lại với nhau dẫn đến sự không cân bằng về kiến thức giữa 2 lớp gây khó khăn cho lớp dưới,gộp chung 2 lớp,Organization and management,sự không cân bằng về kiến thức giữa 2 lớp gây khó khăn cho lớp dưới,Negative
1706,"thầy tâm lý , dạy hay .","thầy tâm lý , dạy hay",dạy,Teaching quality,"tâm lý , dạy hay",Positive
1707,"thầy dạy tận tình , tạo không khí mới mẻ cho buổi học .","thầy dạy tận tình , tạo không khí mới mẻ cho buổi học ",thầy dạy,Teaching quality,"tận tình , tạo không khí mới mẻ",Positive
1708,"giảng viên khá hài hước , mang lại tiếng cười cho lớp trong quá trình giảng dạy .","giảng viên khá hài hước , mang lại tiếng cười cho lớp trong quá trình giảng dạy",quá trình giảng dạy,Teaching quality,"khá hài hước , mang lại tiếng cười",Positive
1709,kiến thức của cô chuyên sâu .,kiến thức của cô chuyên sâu,kiến thức của cô,Teaching quality,chuyên sâu,Positive
1710,giảng viên hay nhớ nhầm việc dạy lớp này sang lớp khác .,giảng viên hay nhớ nhầm việc dạy lớp này sang lớp khác,việc dạy lớp này sang lớp khác,Organization and management, hay nhớ nhầm,Negative
1711,"thầy dạy rất tốt , em cảm thấy dễ hiểu .","thầy dạy rất tốt , em cảm thấy dễ hiểu",thầy dạy,Teaching quality,"rất tốt , em cảm thấy dễ hiểu",Positive
1712,"sinh viên năm 3 trở lên đều có laptop cả rồi , vậy nên vào phòng máy là không cần thiết .","sinh viên năm 3 trở lên đều có laptop cả rồi , vậy nên vào phòng máy là không cần thiết", phòng máy,Learning environment,không cần thiết,Neutral
1713,"máy chiếu phòng wzjwz104 rất hay tắt , mở được một lúc là nóng quá rồi tắt , không sử dụng được nữa .","máy chiếu phòng wzjwz104 rất hay tắt , mở được một lúc là nóng quá rồi tắt , không sử dụng được nữa",máy chiếu,Learning environment,"rất hay tắt , mở được một lúc là nóng quá rồi tắt , không sử dụng được",Negative
1714,"giảng viên nhiệt tình , tận tâm , tích cực trao đổi với sinh viên về kiến thức trong và ngoài chương trình .","giảng viên nhiệt tình , tận tâm , tích cực trao đổi với sinh viên về kiến thức trong và ngoài chương trình", trao đổi với sinh viên,Support from lecturers,"nhiệt tình , tận tâm , tích cực",Positive
1715,"nói rõ nội dung môn học , mục tiêu .","nói rõ nội dung môn học , mục tiêu",nội dung môn học,Course information,nói rõ,Positive
1716,vui vẻ .,vui vẻ,vui vẻ,General review,vui vẻ,Neutral
1717,"phòng học buổi trưa rất nóng , có thể trang bị thêm quạt thì tốt hơn .","phòng học buổi trưa rất nóng , có thể trang bị thêm quạt thì tốt hơn",phòng học,Learning environment,"rất nóng , có thể trang bị thêm quạt thì tốt hơn",Negative
1718,"thầy rất nhiệt tình , luôn đưa ra những ví dụ thực tế rất sinh động .","thầy rất nhiệt tình , luôn đưa ra những ví dụ thực tế rất sinh động",thầy rất nhiệt tình,Teaching quality,"nhiệt tình , luôn đưa ra những ví dụ thực tế rất sinh động",Positive
1719,"giáo viên dạy hay , nhiệt tình và cập nhật các kiến thức bên ngoài vào trong bài giảng .","giáo viên dạy hay , nhiệt tình và cập nhật các kiến thức bên ngoài vào trong bài giảng",giáo viên dạy,Teaching quality,"hay , nhiệt tình và cập nhật",Positive
1720,nhà trường nên cho thực hành mỗi tuần một lần .,nhà trường nên cho thực hành mỗi tuần một lần,nhà trường nên cho thực hành mỗi tuần một lần,Organization and management,nên cho thực hành,Neutral
1721,giảng viên ôn thi chuẩn xác .,giảng viên ôn thi chuẩn xác,giảng viên ôn thi,Test and evaluation,chuẩn xác,Positive
1722,lý do doubledot tới ngày thi ngồi ngay 2 máy hư .,lý do doubledot tới ngày thi ngồi ngay 2 máy hư,ý do doubledot tới ngày thi ngồi ngay 2 máy hư,Learning environment,2 máy hư,Negative
1723,thầy tạo được sự hứng thú với môn học .,thầy tạo được sự hứng thú với môn học,thầy tạo được sự hứng thú với môn học,Teaching quality,tạo được sự hứng thú,Positive
1724,"thời lượng thực hành quá ít , kiến thức mới mà hướng dẫn ít !",thời lượng thực hành quá ít,thời lượng thực hành,Workload,quá ít,Negative
1724,"thời lượng thực hành quá ít , kiến thức mới mà hướng dẫn ít !",kiến thức mới mà hướng dẫn ít,kiến thức mới mà hướng dẫn ít,Support from lecturers,mà hướng dẫn ít,Negative
1725,"dạy dễ hiểu , hài hước !","dạy dễ hiểu , hài hước !",dạy,Teaching quality,"dễ hiểu , hài hước",Positive
1726,nhàm chán .,nhàm chán,nhàm chán,General review,nhàm chán,Negative
1727,"nhiệt tình , vui tính .","nhiệt tình , vui tính","nhiệt tình , vui tính",General review,"nhiệt tình , vui tính",Positive
1728,"giáo viên dễ tính , dạy hay .","giáo viên dễ tính , dạy hay",giáo viên,General review,"dễ tính , dạy hay",Positive
1729,"nhiệt tình , gần gũi sinh viên .","nhiệt tình , gần gũi sinh viên",gần gũi sinh viên,Support from lecturers,"nhiệt tình , gần gũi",Positive
1731,thầy rất quan tâm đến khó khăn gặp phải của sinh viên trong lúc thực hành .,thầy rất quan tâm đến khó khăn gặp phải của sinh viên trong lúc thực hành,thầy rất quan tâm đến khó khăn,Support from lecturers,rất quan tâm,Positive
1732,"việc truyền đạt kiến thức chưa sâu , em thấy vẫn mông lung sau mỗi tiết học , chỉ hiểu sơ sơ .","việc truyền đạt kiến thức chưa sâu , em thấy vẫn mông lung sau mỗi tiết học , chỉ hiểu sơ sơ",việc truyền đạt kiến thức,Teaching quality,"chưa sâu , em thấy vẫn mông lung sau mỗi tiết học , chỉ hiểu sơ sơ",Negative
1733,"giáo viên nhiệt tình , truyền đạt tốt .","giáo viên nhiệt tình , truyền đạt tốt","giáo viên nhiệt tình , truyền đạt",Teaching quality,"nhiệt tình , truyền đạt tốt",Positive
1734,"không nên "" hù dọa "" sinh viên ở phía trước mỗi bài toán mà phải biến nó thành đơn giản để thực thi bài toán giảng viên cần phải làm những bài tập mẫu hơn là cho mấy trăm bài tập .","không nên "" hù dọa "" sinh viên ở phía trước mỗi bài toán mà phải biến nó thành đơn giản để thực thi bài toán giảng viên cần phải làm những bài tập mẫu hơn là cho mấy trăm bài tập", bài tập,Workload,"không nên "" hù dọa "" sinh viên ở phía trước mỗi bài toán mà phải biến nó thành đơn giản để thực thi bài toán giảng viên cần phải làm những bài tập mẫu hơn là cho mấy trăm bài tập",Negative
1735,cách dạy của giáo viên rất tốt .,cách dạy của giáo viên rất tốt,cách dạy của giáo viên,Teaching quality,rất tốt,Positive
1736,dạy hơi nhanh quá .,dạy hơi nhanh quá,dạy,Teaching quality,hơi nhanh quá,Negative
1737,"anh wzjwz278 như một người bạn vậy , rất gần gũi , thoải mái khi giao tiếp với sinh viên , kiến thức học được từ anh rất đầy đủ .","anh wzjwz278 như một người bạn vậy , rất gần gũi , thoải mái khi giao tiếp với sinh viên",giao tiếp với sinh viên,Support from lecturers,"như một người bạn vậy , rất gần gũi , thoải mái",Positive
1737,"anh wzjwz278 như một người bạn vậy , rất gần gũi , thoải mái khi giao tiếp với sinh viên , kiến thức học được từ anh rất đầy đủ .",kiến thức học được từ anh rất đầy đủ,kiến thức,Teaching quality,rất đầy đủ,Positive
1738,thầy lên lớp không đúng thời gian và không quan tâm sinh viên .,thầy lên lớp không đúng thời gian,thầy lên lớp,Organization and management,không đúng thời gian,Negative
1738,thầy lên lớp không đúng thời gian và không quan tâm sinh viên .,không quan tâm sinh viên, quan tâm sinh viên,Support from lecturers,không quan tâm,Negative
1739,em thấy phòng thư viện tầng trên mà bọn em học không hề phù hợp với việc học anh văn vì thiết kế bảng và hệ thống máy tính khiến bọn em cứ phải mỏi cổ ngoảnh sang trái hoặc sang phải suốt cả buổi học vì bọn em cũng chả dùng máy tính để làm gì trong giờ học anh văn cả .,em thấy phòng thư viện tầng trên mà bọn em học không hề phù hợp với việc học anh văn vì thiết kế bảng và hệ thống máy tính khiến bọn em cứ phải mỏi cổ ngoảnh sang trái hoặc sang phải suốt cả buổi học vì bọn em cũng chả dùng máy tính để làm gì trong giờ học anh văn cả ,thiết kế bảng và hệ thống máy tính,Learning environment, không hề phù hợp với việc học anh văn vì thiết kế bảng và hệ thống máy tính khiến bọn em cứ phải mỏi cổ ngoảnh sang trái hoặc sang phải suốt cả buổi học vì bọn em cũng chả dùng máy tính để làm gì,Negative
1740,thân thiện với sinh viên .,thân thiện với sinh viên,thân thiện với sinh viên,Support from lecturers,thân thiện,Positive
1741,"cập nhật tính thời sự trong môn học , cung cấp tài liệu đọc thêm bổ ích .","cập nhật tính thời sự trong môn học , cung cấp tài liệu đọc thêm bổ ích","tính thời sự trong môn học , cung cấp tài liệu",Course information,bổ ích,Positive
1742,"giảng viên dạy rất buồn ngủ , không thu hút sinh viên vào bài giảng .","giảng viên dạy rất buồn ngủ , không thu hút sinh viên vào bài giảng",giảng viên dạy,Teaching quality,"rất buồn ngủ , không thu hút",Negative
1743,giọng hơi khó nghe .,giọng hơi khó nghe,giọng,Teaching quality,hơi khó nghe,Negative
1744,"giáo trình tốt , kiến thức trọng tâm .","giáo trình tốt , kiến thức trọng tâm","giáo trình tốt , kiến thức",Course information,"tốt , kiến thức trọng tâm",Positive
1745,cô rất dễ thương và được nhiều sinh viên yêu quý ạ .,cô rất dễ thương và được nhiều sinh viên yêu quý ạ,cô rất dễ thương,Support from lecturers, dễ thương và được nhiều sinh viên yêu quý,Positive
1746,cô dạy khá dễ hiểu và cô khá thoải mái .,cô dạy khá dễ hiểu và cô khá thoải mái,cô dạy,Teaching quality,khá dễ hiểu và cô khá thoải mái,Positive
1747,hoàn toàn không hài lòng với cách đánh giá của thầy .,hoàn toàn không hài lòng với cách đánh giá của thầy,cách đánh giá,Test and evaluation,hoàn toàn không hài lòng,Negative
1748,không có gì cả ạ .,không có gì cả ạ,không có gì cả ạ,General review,không có gì cả ạ,Neutral
1749,thầy dạy buồn ngủ .,thầy dạy buồn ngủ,thầy dạy,Teaching quality,buồn ngủ,Negative
1750,giảng viên trợ giúp nhiệt tình .,giảng viên trợ giúp nhiệt tình,giảng viên trợ giúp,Support from lecturers,nhiệt tình,Positive
1751,qua đó sẽ hiểu được thật sâu và rõ những lý thuyết đã được học .,qua đó sẽ hiểu được thật sâu và rõ những lý thuyết đã được học,qua đó sẽ hiểu được thật sâu và rõ những lý thuyết đã được học,General review,sẽ hiểu được thật sâu và rõ những lý thuyết,Neutral
1752,giảng viên thường không lên lớp nếu có lên lớp thì chỉ ngồi lỳ một chổ không giảng bài hay hướng dẫn sinh viên thực hành .,giảng viên thường không lên lớp,giảng viên thường không lên lớp,Organization and management,thường không,Negative
1752,giảng viên thường không lên lớp nếu có lên lớp thì chỉ ngồi lỳ một chổ không giảng bài hay hướng dẫn sinh viên thực hành .,nếu có lên lớp thì chỉ ngồi lỳ một chổ không giảng bài hay hướng dẫn sinh viên thực hành,giảng bài hay hướng dẫn sinh viên thực hành,Support from lecturers,ngồi lỳ một chổ không giảng bài hay hướng dẫn,Negative
1753,"thầy wzjwz262 nhiệt tình , truyền đạt tốt kiến thức , giới thiệu thêm nhiều nguồn tài liệu cho sinh viên .","thầy wzjwz262 nhiệt tình , truyền đạt tốt kiến thức , giới thiệu thêm nhiều nguồn tài liệu cho sinh viên","thầy wzjwz262 nhiệt tình , truyền đạt tốt kiến thức , giới thiệu thêm nhiều nguồn tài liệu ",Teaching quality,"nhiệt tình , truyền đạt tốt kiến thức , giới thiệu thêm nhiều nguồn tài liệu ",Positive
1754,mục tiêu môn học nên đặt ra là doubledot sinh viên được giới thiệu những gì .,mục tiêu môn học nên đặt ra là doubledot sinh viên được giới thiệu những gì,mục tiêu môn học,Course information,nên đặt ra là doubledot sinh viên được giới thiệu những gì,Neutral
1755,"thầy dạy rất hay , kiến thức rất thực tế , theo sát sinh viên từng bước một , hướng dẫn tận tình tận tâm , truyền đặt kiến thức dễ hiểu , thuyết phục .","thầy dạy rất hay , kiến thức rất thực tế",thầy dạy,Teaching quality,"rất hay , kiến thức rất thực tế",Positive
1755,"thầy dạy rất hay , kiến thức rất thực tế , theo sát sinh viên từng bước một , hướng dẫn tận tình tận tâm , truyền đặt kiến thức dễ hiểu , thuyết phục ."," theo sát sinh viên từng bước một , hướng dẫn tận tình tận tâm"," theo sát sinh viên từng bước một , hướng dẫn",Support from lecturers,"theo sát sinh viên từng bước một , hướng dẫn tận tình",Positive
1756,"lớp hay nghỉ , giáo viên chưa tận tình lắm .",lớp hay nghỉ,lớp hay nghỉ,Organization and management,hay nghỉ,Negative
1756,"lớp hay nghỉ , giáo viên chưa tận tình lắm .",giáo viên chưa tận tình lắm, giáo viên chưa tận tình,Support from lecturers,chưa tận tình,Negative
1757,"nhiệt tình , thầy dạy kỹ .","nhiệt tình , thầy dạy kỹ",thầy dạy,Teaching quality,"nhiệt tình , thầy dạy kỹ",Positive
1758,thầy dạy không tạo được sự hứng thú .,thầy dạy không tạo được sự hứng thú ,thầy dạy,Teaching quality,không tạo được sự hứng thú,Negative
1759,thầy dạy rất tốt và trả lời các câu hỏi của sinh viên rất nhanh và chính xác .,thầy dạy rất tốt và trả lời các câu hỏi của sinh viên rất nhanh và chính xác,thầy dạy,Teaching quality,rất tốt và trả lời các câu hỏi của sinh viên rất nhanh và chính xác,Positive
1760,"giáo viên tận tâm , nhiệt tình , cách truyền đạt dễ tiếp thu .","giáo viên tận tâm , nhiệt tình , cách truyền đạt dễ tiếp thu",cách truyền đạt,Teaching quality,"tận tâm , nhiệt tình , cách truyền đạt dễ tiếp thu",Positive
1761,"thầy ví dụ thực tiễn , đáp ứng yêu cầu thực hành .","thầy ví dụ thực tiễn , đáp ứng yêu cầu thực hành","ví dụ thực tiễn , đáp ứng yêu cầu thực hành",Teaching quality,đáp ứng yêu cầu thực hành,Positive
1762,"giảng viên tận tâm , tạo sự chủ động trong học tập cho người học .","giảng viên tận tâm , tạo sự chủ động trong học tập cho người học","giảng viên tận tâm , tạo sự chủ động trong học tập",Support from lecturers," tận tâm , tạo sự chủ động",Positive
1763,thầy thân thiện dạy nhiệt tình .,thầy thân thiện dạy nhiệt tình,dạy,Teaching quality, thân thiện dạy nhiệt tình,Positive
1764,đủ tài liệu .,đủ tài liệu,tài liệu,Course information,đủ,Positive
1765,cách chấm điểm các bài thực hành thông qua quay video thực sự chưa đánh giá đúng khả năng của sinh viên .,cách chấm điểm các bài thực hành thông qua quay video thực sự chưa đánh giá đúng khả năng của sinh viê,cách chấm điểm các bài thực hành,Test and evaluation,thực sự chưa đánh giá đúng khả năng,Negative
1766,viết quá nhiều .,viết quá nhiều,viết,Workload,quá nhiều,Negative
1767,"thầy đi dạy luôn đảm bảo thời gian , giải đáp thắc mắc rất nhiệt tình , ra trễ hơn các môn khác từ 15 - 25 phút .",thầy đi dạy luôn đảm bảo thời gian,thầy đi dạy,Organization and management,luôn đảm bảo thời gian,Positive
1767,"thầy đi dạy luôn đảm bảo thời gian , giải đáp thắc mắc rất nhiệt tình , ra trễ hơn các môn khác từ 15 - 25 phút .",giải đáp thắc mắc rất nhiệt tình,giải đáp thắc mắc,Support from lecturers,rất nhiệt tình,Positive
1767,"thầy đi dạy luôn đảm bảo thời gian , giải đáp thắc mắc rất nhiệt tình , ra trễ hơn các môn khác từ 15 - 25 phút .",ra trễ hơn các môn khác từ 15 - 25 phút,ra trễ hơn các môn khác từ 15 - 25 phút,Organization and management,ra trễ,Negative
1768,thầy thường xuyên cho nghỉ trước khi kết thúc giờ học .,thầy thường xuyên cho nghỉ trước khi kết thúc giờ học,cho nghỉ trước khi kết thúc giờ học,Organization and management,thường xuyên cho nghỉ,Negative
1769,em muốn môn học gần với thực tế qua các ví dụ .,em muốn môn học gần với thực tế qua các ví dụ ,môn học gần với thực tế qua các ví dụ,Course information,muốn môn học gần với thực tế,Neutral
1770,"giảng dễ hiểu , vui tính và rất thân thiện với sinh viên .",giảng dễ hiểu,giảng,Teaching quality,dễ hiểu,Positive
1770,"giảng dễ hiểu , vui tính và rất thân thiện với sinh viên .",vui tính và rất thân thiện với sinh viên,vui tính và rất thân thiện với sinh viên,Support from lecturers,vui tính và rất thân thiện,Positive
1771,em có ý kiến là nên hủy môn vật lý kỹ thuật .,em có ý kiến là nên hủy môn vật lý kỹ thuật, hủy môn vật lý kỹ thuật,Course information,có ý kiến là nên hủy,Neutral
1772,giảng dạy tích cực .,giảng dạy tích cực,giảng dạy,Teaching quality,tích cực,Positive
1773,"sự hướng dẫn thực hành tận tâm , nhiệt tình .","sự hướng dẫn thực hành tận tâm , nhiệt tình",sự hướng dẫn thực hành,Support from lecturers,"tận tâm , nhiệt tình",Positive
1774,hy vọng học kỳ tới thầy có thể kết thúc buổi học đúng giờ .,hy vọng học kỳ tới thầy có thể kết thúc buổi học đúng giờ,kết thúc buổi học đúng giờ,Organization and management,hy vọng,Neutral
1775,"giờ thực hành quá ít , bài tập thực hành hằng tuần đều đó , giảng viên hướng dẫn không có nhiều thời gian để hướng dẫn trực tiếp .",giờ thực hành quá ít,giờ thực hành,Workload,quá ít,Negative
1775,"giờ thực hành quá ít , bài tập thực hành hằng tuần đều đó , giảng viên hướng dẫn không có nhiều thời gian để hướng dẫn trực tiếp .",bài tập thực hành hằng tuần đều đó,bài tập thực hành hằng tuần,Workload,đều đó,Neutral
1775,"giờ thực hành quá ít , bài tập thực hành hằng tuần đều đó , giảng viên hướng dẫn không có nhiều thời gian để hướng dẫn trực tiếp .",giảng viên hướng dẫn không có nhiều thời gian để hướng dẫn trực tiếp,giảng viên hướng dẫn,Support from lecturers,không có nhiều thời gian,Negative
1776,giảng viên có kiến thức chuyên sâu về môn học .,giảng viên có kiến thức chuyên sâu về môn học,giảng viên có kiến thức,Teaching quality,chuyên sâu,Positive
1777,"nhiệt tình , có tâm huyết .","nhiệt tình , có tâm huyết","nhiệt tình , có tâm huyết",Support from lecturers,"nhiệt tình , có tâm huyết",Positive
1778,"phần khảo sát doubledot các câu hỏi khảo sát quá dài dòng , nhiều câu lập đi lập lại sinh viên chán nản tích tràn lan đánh giá không đúng kết quả khảo sát không được chính xác .","phần khảo sát doubledot các câu hỏi khảo sát quá dài dòng , nhiều câu lập đi lập lại sinh viên chán nản tích tràn lan đánh giá không đúng kết quả khảo sát không được chính xác",phần khảo sát doubledot các câu hỏi khảo sát,Organization and management,"uá dài dòng , nhiều câu lập đi lập lại",Negative
1779,giáo viên cần cho sinh viên nói nhiều thực hành giao tiếp trên lớp .,giáo viên cần cho sinh viên nói nhiều thực hành giao tiếp trên lớp,giáo viên cần cho sinh viên nói nhiều thực hành giao tiếp trên lớp,Teaching quality, cần cho sinh viên nói nhiều thực hành giao tiếp,Negative
1780,"nên có phần thực hành về tìm hiểu phần cứng , các bộ phận trong máy tính .","nên có phần thực hành về tìm hiểu phần cứng , các bộ phận trong máy tính","phần thực hành về tìm hiểu phần cứng , các bộ phận trong máy tính",Course information,nên có,Neutral
1781,tận tâm tận tình .,tận tâm tận tình ,tận tâm tận tình,Support from lecturers,tận tâm tận tình,Positive
1782,cô giải thích các vấn đề sinh viên đưa ra khá chi tiết !,cô giải thích các vấn đề sinh viên đưa ra khá chi tiết !,cô giải thích các vấn đề sinh viên,Support from lecturers,khá chi tiết,Positive
1783,nội dung nhập nhằng .,nội dung nhập nhằng,nội dung,Course information,nhập nhằng,Negative
1784,cô nên hoạt động trên website môn học nhiều hơn .,cô nên hoạt động trên website môn học nhiều hơn ,hoạt động trên website môn học,Teaching quality,nên hoạt động trên website môn học nhiều hơn,Neutral
1785,"giảng viên hướng dẫn nhiệt tình , chi tiết .","giảng viên hướng dẫn nhiệt tình , chi tiết",giảng viên hướng dẫn,Support from lecturers,"nhiệt tình , chi tiết",Positive
1786,các thành viên dễ gán kết hơn và có trách nhiệm hơn .,các thành viên dễ gán kết hơn và có trách nhiệm hơn,các thành viên dễ gán kết hơn và có trách nhiệm hơn,Learning environment,dễ gán kết hơn và có trách nhiệm hơn,Positive
1787,sử dụng hiệu quả thời gian lên lớp .,sử dụng hiệu quả thời gian lên lớp,sử dụng hiệu quả thời gian lên lớp,Teaching quality,sử dụng hiệu quả,Positive
1788,"sự nhiệt tình , tận tâm của giảng viên .","sự nhiệt tình , tận tâm của giảng viên ","sự nhiệt tình , tận tâm của giảng viên ",Support from lecturers,"sự nhiệt tình , tận tâm",Positive
1789,dạy chi tiết .,dạy chi tiết,dạy,Teaching quality,chi tiết,Positive
1790,"giảng viên dạy rất nhiệt tình , phản hồi trực tiếp , gián tiếp thắc mắc của sinh viên rất tích cực .",giảng viên dạy rất nhiệt tình,giảng viên dạy,Teaching quality,rất nhiệt tình,Positive
1790,"giảng viên dạy rất nhiệt tình , phản hồi trực tiếp , gián tiếp thắc mắc của sinh viên rất tích cực .","phản hồi trực tiếp , gián tiếp thắc mắc của sinh viên rất tích cực","phản hồi trực tiếp , gián tiếp thắc mắc của sinh viên",Support from lecturers,rất tích cực,Positive
1791,thay đổi hình thức đánh giá môn học .,thay đổi hình thức đánh giá môn học,hình thức đánh giá,Test and evaluation,thay đổi,Neutral
1792,cho bài tập hay .,cho bài tập hay,cho bài tập,Workload,hay,Positive
1793,cần bổ sung phần kiến thức pattern severside .,cần bổ sung phần kiến thức pattern severside,phần kiến thức pattern severside,Course information,cần bổ sung,Negative
1794,điều đó dẫn đến nhiều sinh viên cũng sẽ phát âm như vậy .,điều đó dẫn đến nhiều sinh viên cũng sẽ phát âm như vậy,điều đó dẫn đến nhiều sinh viên cũng sẽ phát âm như vậy,General review,điều đó dẫn đến nhiều sinh viên cũng sẽ phát âm như vậy,Neutral
1795,giao đề tài thiếu công bằng .,giao đề tài thiếu công bằng,giao đề tài,Test and evaluation,thiếu công bằng,Negative
1796,dễ gây nhàm chán .,dễ gây nhàm chán ,dễ gây nhàm chán ,Teaching quality,nhàm chán,Negative
1797,thầy dạy rất vui rất kỹ .,thầy dạy rất vui rất kỹ,thầy dạy,Teaching quality,rất vui rất kỹ,Positive
1798,"phòng học còn nóng và bụi bặm , máy chiếu tuy là vẫn thầy được nhưng như thế vẫn là mờ , đề nghị khắc phục vấn đề này .","phòng học còn nóng và bụi bặm , máy chiếu tuy là vẫn thầy được nhưng như thế vẫn là mờ , đề nghị khắc phục vấn đề này","phòng học còn nóng và bụi bặm , máy chiếu tuy là vẫn thầy được nhưng như thế vẫn là mờ",Learning environment,"nóng và bụi bặm , máy chiếu tuy là vẫn thầy được nhưng như thế vẫn là mờ , đề nghị khắc phục vấn đề",Negative
1799,cô giảng còn hơi khó hiểu .,cô giảng còn hơi khó hiểu,cô giảng,Teaching quality,còn hơi khó hiểu,Negative
1800,khả năng truyền đạt tốt .,khả năng truyền đạt tốt,khả năng truyền đạt,Teaching quality,tốt,Positive
1801,mỗi ngày khi đến môn học này là một cực hình tra tấn sinh viên cả lớp .,mỗi ngày khi đến môn học này là một cực hình tra tấn sinh viên cả lớp,mỗi ngày khi đến môn học này là một cực hình tra tấn sinh viên cả lớp,General review,một cực hình tra tấn sinh viên ,Negative
1802,"giảng viên giảng hay , giúp sinh viên tiếp thu kiến thức hiệu quả .","giảng viên giảng hay , giúp sinh viên tiếp thu kiến thức hiệu quả ",giảng viên giảng,Teaching quality,"hay , giúp sinh viên tiếp thu kiến thức hiệu quả",Positive
1803,giảng đường quá nóng .,giảng đường quá nóng,giảng đường,Learning environment,quá nóng,Negative
1804,"giảng dạy tốt , nhiệt tình chỉ bảo sinh viên .",giảng dạy tốt,giảng dạy,Teaching quality,tốt,Positive
1804,"giảng dạy tốt , nhiệt tình chỉ bảo sinh viên .",nhiệt tình chỉ bảo sinh viên,chỉ bảo sinh viên,Support from lecturers,nhiệt tình,Positive
1805,"thầy wzjwz81 là một giảng viên rất tâm huyết với sinh viên , thầy tận tình chỉ dạy tất cả những điều chúng em chưa rõ .","thầy wzjwz81 là một giảng viên rất tâm huyết với sinh viên , thầy tận tình chỉ dạy tất cả những điều chúng em chưa rõ","thầy wzjwz81 là một giảng viên rất tâm huyết với sinh viên , thầy tận tình chỉ dạy tất cả những điều chúng em chưa rõ",Support from lecturers," rất tâm huyết với sinh viên , thầy tận tình chỉ dạy tất cả những điều chúng em chưa rõ",Positive
1806,"thầy dạy nhiệt tình , áp dụng nhiều bài tập , dễ hiểu .","thầy dạy nhiệt tình , áp dụng nhiều bài tập , dễ hiểu ",thầy dạy,Teaching quality,"nhiệt tình , áp dụng nhiều bài tập , dễ hiểu",Positive
1807,"đa số giảng sơ sài , chủ yếu là lước qua .","đa số giảng sơ sài , chủ yếu là lước qua",giảng,Teaching quality,"sơ sài , chủ yếu là lước qua",Negative
1808,cho mượn kit về nhà đẻ thực hành .,cho mượn kit về nhà đẻ thực hành,cho mượn kit về nhà đẻ thực hành,Support from lecturers,cho mượn,Neutral
1810,chỉ tham gia chấm điểm không giảng dạy trong giờ thực hành của lớp một lần nào .,chỉ tham gia chấm điểm không giảng dạy trong giờ thực hành của lớp một lần nào,chỉ tham gia chấm điểm,Test and evaluation,không giảng dạy,Negative
1811,thầy không dạy lý thuyết mà chỉ nói sơ qua về một số bài tập nên em không biết nhận xét gì về thầy .,thầy không dạy lý thuyết mà chỉ nói sơ qua về một số bài tập nên em không biết nhận xét gì về thầy,thầy không dạy lý thuyết mà chỉ nói sơ qua về một số bài tập,Teaching quality,không biết nhận xét,Neutral
1812,làm việc nhóm nhiều .,làm việc nhóm nhiều,làm việc nhóm nhiều,General review,làm việc nhóm nhiều,Positive
1813,nhưng trường lại không sắp xếp được một giờ nào cho sinh viên học .,nhưng trường lại không sắp xếp được một giờ nào cho sinh viên học,trường lại không sắp xếp được một giờ nào cho sinh viên học,Organization and management,không sắp xếp,Negative
1814,khả năng tương tác chưa tốt .,khả năng tương tác chưa tốt,khả năng tương tác,Support from lecturers,chưa tốt,Negative
1815,thầy khá đúng giờ .,thầy khá đúng giờ,thầy khá đúng giờ,Organization and management, khá đúng giờ,Positive
1816,"nội dung bài giảng dễ hiểu , giảng viên nhiệt tình , vui tính .",nội dung bài giảng dễ hiểu,nội dung bài giảng,Teaching quality,dễ hiểu,Positive
1816,"nội dung bài giảng dễ hiểu , giảng viên nhiệt tình , vui tính .","giảng viên nhiệt tình , vui tính","giảng viên nhiệt tình , vui tính",Support from lecturers,"nhiệt tình , vui tính",Positive
1817,nếu trang thiết bị đã không đáp ứng được thì tại sao trường không tạo điều kiện kéo dây mạng cho sinh viên cắm vào laptop .,nếu trang thiết bị đã không đáp ứng được thì tại sao trường không tạo điều kiện kéo dây mạng cho sinh viên cắm vào laptop,trang thiết bị,Learning environment,không đáp ứng,Negative
1818,có bài tập cuối giờ .,có bài tập cuối giờ, bài tập cuối giờ,Workload,có bài tập cuối giờ,Neutral
1819,không có buổi học bù nào .,không có buổi học bù nào,buổi học bù,Organization and management,không có,Negative
1821,giảng viên giảng bài dễ hiểu .,giảng viên giảng bài dễ hiểu ,giảng viên giảng bài,Teaching quality,dễ hiểu,Positive
1822,làm phim khó quá thầy ạ .,làm phim khó quá thầy ạ,làm phim,Workload,khó quá,Negative
1823,em rất hài lòng về phương pháp giảng dạy của thầy ạ .,em rất hài lòng về phương pháp giảng dạy của thầy ạ ,phương pháp giảng dạy,Teaching quality,rất hài lòng,Positive
1824,cô wzjwz6 rất nhiệt tình .,cô wzjwz6 rất nhiệt tình,cô wzjwz6 rất nhiệt tình,Support from lecturers,rất nhiệt tình,Positive
1825,giảng viên rất có tâm huyết .,giảng viên rất có tâm huyết,giảng viên rất có tâm huyết,Support from lecturers,rất có tâm huyết,Positive
1826,tất cả các hoạt động trên lớp .,tất cả các hoạt động trên lớp,tất cả các hoạt động trên lớp,General review,tất cả các hoạt động trên lớp,Neutral
1827,sự tận tình đối với học viên .,sự tận tình đối với học viên,sự tận tình đối với học viên,Support from lecturers,sự tận tình,Positive
1828,đến lớp dúng giờ !,đến lớp dúng giờ !,đến lớp,Organization and management,dúng giờ,Positive
1829,có một số phần giảng viên giải thích hơi khó hiểu .,có một số phần giảng viên giải thích hơi khó hiểu,giảng viên giải thích,Teaching quality,hơi khó hiểu,Negative
1830,"nâng cao trang thiết bị phòng học doubledot máy chiếu , quạt .","nâng cao trang thiết bị phòng học doubledot máy chiếu , quạt"," trang thiết bị phòng học doubledot máy chiếu , quạt",Learning environment,nâng cao,Neutral
1831,"khả năng truyền đạt không tốt , kiến thức chưa đạt .","khả năng truyền đạt không tốt , kiến thức chưa đạt","khả năng truyền đạt không tốt , kiến thức chưa đạt ",Teaching quality,"khả năng truyền đạt không tốt , kiến thức chưa đạt",Negative
1832,thầy vui tính và thân thiện với sinh viên .,thầy vui tính và thân thiện với sinh viên,thầy vui tính và thân thiện với sinh viên,Support from lecturers,vui tính và thân thiện,Positive
1833,"giáo viên hướng dẫn thực hành đến lớp trễ , và chưa hướng dẫn sâu sắc để sinh viên dễ dàng nắm được bài .",giáo viên hướng dẫn thực hành đến lớp trễ,giáo viên hướng dẫn thực hành đến lớp,Organization and management,trễ,Negative
1833,"giáo viên hướng dẫn thực hành đến lớp trễ , và chưa hướng dẫn sâu sắc để sinh viên dễ dàng nắm được bài .", chưa hướng dẫn sâu sắc để sinh viên dễ dàng nắm được bài,hướng dẫn sâu sắc để sinh viên dễ dàng nắm được bài,Support from lecturers,chưa hướng dẫn sâu sắc,Negative
1834,"giảng không hiểu , nói nhiều .","giảng không hiểu , nói nhiều",giảng,Teaching quality,"không hiểu , nói nhiều",Negative
1835,cô rất tận tình với sinh viên .,cô rất tận tình với sinh viên,cô rất tận tình với sinh viên,Support from lecturers,rất tận tình,Positive
1836,"thầy giảng bài tận tâm , nhiệt tình .","thầy giảng bài tận tâm , nhiệt tình",thầy giảng bài,Teaching quality,"tận tâm , nhiệt tình",Positive
1837,"thầy dạy rất hay , hài hước trong công việc .","thầy dạy rất hay , hài hước trong công việc",thầy dạy,Teaching quality," rất hay , hài hước",Positive
1838,"thiếu nhiệt tình , ít làm bài tập .",thiếu nhiệt tình,thiếu nhiệt tình,Support from lecturers,thiếu nhiệt tình,Negative
1838,"thiếu nhiệt tình , ít làm bài tập .",ít làm bài tập,bài tập,Workload,ít,Negative
1839,"thích ngủ thì ngủ , ngoài ra chả có gì hài lòng .","thích ngủ thì ngủ , ngoài ra chả có gì hài lòng","thích ngủ thì ngủ , ngoài ra chả có gì hài lòng",General review, chả có gì hài lòng,Negative
1840,"tên môn học là lập trình ứng dụng web , tuy nhiên chỉ cho lập trình trên ngôn ngữ php , nên rõ ràng trong tên môn học với ngôn ngữ nào .","tên môn học là lập trình ứng dụng web , tuy nhiên chỉ cho lập trình trên ngôn ngữ php , nên rõ ràng trong tên môn học với ngôn ngữ nào",tên môn học,Course information,nên rõ ràng,Negative
1841,"giảng viên vui vẻ , tận tình .","giảng viên vui vẻ , tận tình ","giảng viên vui vẻ , tận tình",Support from lecturers,"vui vẻ , tận tình",Positive
1842,thầy không dạy nhưng báo trước rất sát giờ và thầy rất hay nghỉ dạy .,thầy không dạy nhưng báo trước rất sát giờ và thầy rất hay nghỉ dạy,không dạy nhưng báo trước rất sát giờ và thầy rất hay nghỉ dạy,Organization and management,không dạy nhưng báo trước rất sát giờ và thầy rất hay nghỉ dạy,Negative
1843,"thầy dạy hay , vui nhiều phần thầy bồ sung có tính thực tiễn cao .","thầy dạy hay , vui nhiều phần thầy bồ sung có tính thực tiễn cao",thầy dạy,Teaching quality,"hay , vui nhiều phần thầy bồ sung có tính thực tiễn cao",Positive
1844,"giảng viên nhiệt tình , quan tâm đến sinh viên , hiền .","giảng viên nhiệt tình , quan tâm đến sinh viên , hiền",giảng viên nhiệt tình,Support from lecturers,"nhiệt tình , quan tâm",Positive
1845,nhiệt tình tâm huyết .,nhiệt tình tâm huyết,nhiệt tình tâm huyết,Support from lecturers,nhiệt tình tâm huyết,Positive
1846,"dùng những công nghệ phổ biến , nên tham khảo khung chương trình của khoa để biết sinh viên đã biết được những gì rồi .",dùng những công nghệ phổ biến,dùng những công nghệ phổ biến,Teaching quality,dùng những công nghệ phổ biến,Neutral
1846,"dùng những công nghệ phổ biến , nên tham khảo khung chương trình của khoa để biết sinh viên đã biết được những gì rồi .",nên tham khảo khung chương trình của khoa để biết sinh viên đã biết được những gì rồi, khung chương trình của khoa,Course information,nên tham khảo,Neutral
1847,"tốt , dễ hiểu .","tốt , dễ hiểu","tốt , dễ hiểu",Teaching quality,"tốt , dễ hiểu",Positive
1848,thầy dạy rất dễ hiểu sinh động .,thầy dạy rất dễ hiểu sinh động,thầy dạy,Teaching quality,dễ hiểu sinh động,Positive
1849,em không thích cách giảng dạy của thầy wzjwz86 cho lắm .,em không thích cách giảng dạy của thầy wzjwz86 cho lắm,cách giảng dạy,Teaching quality,không thích,Negative
1850,giáo viên vui vẻ .,giáo viên vui vẻ ,giáo viên vui vẻ ,Support from lecturers, vui vẻ,Positive
1851,"cần có nhiều tài liệu để học hơn , có các trò chơi để sinh viên dễ hiểu bài hơn .",cần có nhiều tài liệu để học hơn,tài liệu,Course information,cần có nhiều,Neutral
1851,"cần có nhiều tài liệu để học hơn , có các trò chơi để sinh viên dễ hiểu bài hơn .",có các trò chơi để sinh viên dễ hiểu bài hơn,có các trò chơi để sinh viên dễ hiểu bài hơn,Learning environment,có các trò chơi,Neutral
1852,chưa có nhiều kinh nghiệm về kiến thức .,chưa có nhiều kinh nghiệm về kiến thức,kinh nghiệm về kiến thức,Teaching quality,chưa có nhiều,Negative
1853,"cô dạy kỹ , vui tính , quan tâm sinh viên .","cô dạy kỹ , vui tính",cô dạy,Teaching quality,"kỹ , vui tính",Positive
1853,"cô dạy kỹ , vui tính , quan tâm sinh viên .", quan tâm sinh viên ,quan tâm sinh viên ,Support from lecturers,quan tâm,Positive
1854,đôi lúc chưa đi sâu vào vấn đề giảng dạy .,đôi lúc chưa đi sâu vào vấn đề giảng dạy,vấn đề giảng dạy,Teaching quality,chưa đi sâu,Negative
1855,có nhiều bài vận dụng .,có nhiều bài vận dụng,bài vận dụng,Workload,có nhiều,Positive
1856,giảng viên nghỉ 3 ngày không có lý do .,giảng viên nghỉ 3 ngày không có lý do,giảng viên nghỉ 3 ngày,Organization and management,không có lý do,Negative
1857,"giảng viên cung cấp đủ kiến thức cần thiết để hiểu rõ phần lý thuyết để thực hành , có các ví dụ mẫu để sinh viên tham khảo .","giảng viên cung cấp đủ kiến thức cần thiết để hiểu rõ phần lý thuyết để thực hành , có các ví dụ mẫu để sinh viên tham khảo","giảng viên cung cấp đủ kiến thức cần thiết để hiểu rõ phần lý thuyết để thực hành , có các ví dụ mẫu để sinh viên tham khảo",Teaching quality,"cung cấp đủ kiến thức cần thiết để hiểu rõ phần lý thuyết để thực hành , có các ví dụ mẫu để sinh viên tham khảo",Positive
1859,nói chung là thầy quá tuyệt luôn ạ .,nói chung là thầy quá tuyệt luôn ạ ,nói chung là thầy quá tuyệt luôn ạ,General review,quá tuyệt,Positive
1860,không biết .,không biết,không biết,General review,không biết,Neutral
1861,nội dung môn học đầy đủ .,nội dung môn học đầy đủ,nội dung môn học,Course information,đầy đủ,Positive
1862,hướng dẫn học sinh giải bài tập tốt .,hướng dẫn học sinh giải bài tập tốt ,hướng dẫn học sinh giải bài tập,Support from lecturers,tốt,Positive
1863,"cảm ơn cô đã nhiệt tình hỗ trợ tụi em , giảng lại các nội dung mà thầy lý thuyết lướt qua .","cảm ơn cô đã nhiệt tình hỗ trợ tụi em , giảng lại các nội dung mà thầy lý thuyết lướt qua","hỗ trợ tụi em , giảng lại",Support from lecturers,"cảm ơn cô đã nhiệt tình hỗ trợ tụi em , giảng lại",Positive
1864,cô nói rất nhỏ .,cô nói rất nhỏ,cô nói,Teaching quality,rất nhỏ,Negative
1865,sử dụng máy chiếu slide ví dụ cụ thể hơn .,sử dụng máy chiếu slide ví dụ cụ thể hơn,sử dụng máy chiếu,Teaching quality,cụ thể hơn,Neutral
1866,không nắm vững được kiến thức môn học .,không nắm vững được kiến thức môn học,kiến thức môn học,Teaching quality,không nắm vững,Negative
1867,thú vị .,thú vị,thú vị,General review,thú vị,Positive
1868,thầy dễ tính .,thầy dễ tính,thầy dễ tính,Support from lecturers,dễ tính,Positive
1869,"hòa đồng , thân thiện với sinh viên .","hòa đồng , thân thiện với sinh viên ","hòa đồng , thân thiện với sinh viên",Support from lecturers,"hòa đồng , thân thiện",Positive
1870,"tận tâm , giảng dạy tốt .","tận tâm , giảng dạy tốt",giảng dạy,Teaching quality,"tận tâm , giảng dạy tốt",Positive
1871,"thầy nhiệt tình , đi dạy đầy đủ , vui vẻ .","thầy nhiệt tình , đi dạy đầy đủ , vui vẻ","thầy nhiệt tình , đi dạy đầy đủ , vui vẻ",Teaching quality,"nhiệt tình , đi dạy đầy đủ , vui vẻ",Positive
1872,thầy giảng rất hay .,thầy giảng rất hay,thầy giảng,Teaching quality, rất hay,Positive
1873,"đề nghị cô xem lại tài liệu giảng dạy của mình , slide nên đầu tư kỹ hơn .","đề nghị cô xem lại tài liệu giảng dạy của mình , slide nên đầu tư kỹ hơn",tài liệu giảng dạy,Teaching quality,"đề nghị cô xem lại tài liệu giảng dạy của mình , slide nên đầu tư kỹ hơn",Negative
1874,"thầy rất tận tâm , quan tâm tới sinh viên .","thầy rất tận tâm , quan tâm tới sinh viên",thầy rất tận tâm,Support from lecturers," tận tâm , quan tâm",Positive
1875,vâng không có ý kiến gì thêm .,vâng không có ý kiến gì thêm,vâng không có ý kiến gì thêm,General review,vâng không có ý kiến gì thêm,Neutral
1876,có nhiều kiến thức mở rộng .,có nhiều kiến thức mở rộng,kiến thức mở rộng,Teaching quality,có nhiều,Positive
1877,"tránh tình trạng giảng viên đang dạy thì hết phấn , micro hết pin .","tránh tình trạng giảng viên đang dạy thì hết phấn , micro hết pin","phấn , micro hết pin",Learning environment,tránh tình trạng,Negative
1878,"em thành thật chia sẻ , khoa nên bỏ môn học này .","em thành thật chia sẻ , khoa nên bỏ môn học này ",môn học,Course information, nên bỏ,Negative
1879,giảng viên chỉ đọc lướt qua slide bài giảng rồi giao bài tập .,giảng viên chỉ đọc lướt qua slide bài giảng rồi giao bài tập,đọc lướt qua slide bài giảng rồi giao bài tập,Teaching quality,chỉ đọc lướt qua,Negative
1880,giáo viên giảng bài hơi khó hiểu và không có tài liệu tham khảo trên moodle .,giáo viên giảng bài hơi khó hiểu,giáo viên giảng bài,Teaching quality,hơi khó hiểu,Negative
1880,giáo viên giảng bài hơi khó hiểu và không có tài liệu tham khảo trên moodle ., không có tài liệu tham khảo trên moodle,tài liệu tham khảo,Course information,không có,Negative
1881,"giảng dạy nhiệt tình , luôn đổi mới nội dung .","giảng dạy nhiệt tình , luôn đổi mới nội dung",giảng dạy,Teaching quality,"nhiệt tình , luôn đổi mới",Positive
1882,"đầu tư phòng lab thực hành trên thiết bị thật , có quy mô .","đầu tư phòng lab thực hành trên thiết bị thật , có quy mô",phòng lab thực hành,Learning environment,đầu tư,Neutral
1883,hay nhiệt tình năng nổ truyền đạt dễ hiểu .,hay nhiệt tình năng nổ truyền đạt dễ hiểu ,truyền đạt,Teaching quality,hay nhiệt tình năng nổ truyền đạt dễ hiểu ,Positive
1884,thầy chuẩn bị bài giảng rất đầy đủ .,thầy chuẩn bị bài giảng rất đầy đủ,thầy chuẩn bị bài giảng,Teaching quality,rất đầy đủ,Positive
1885,"thầy rất vui tính , giảng dạy rất hay !","thầy rất vui tính , giảng dạy rất hay",giảng dạy,Teaching quality,"vui tính , giảng dạy rất hay",Positive
1886,cách dạy hơi khó hiểu .,cách dạy hơi khó hiểu,cách dạy,Teaching quality,hơi khó hiểu,Negative
1887,"thầy không nên cho code trước mà nên để sinh viên tự làm , như vậy sinh viên sẽ nhớ lâu hơn .","thầy không nên cho code trước mà nên để sinh viên tự làm , như vậy sinh viên sẽ nhớ lâu hơn",thầy không nên cho code trước,Teaching quality,nên để sinh viên tự làm,Positive
1888,cô tận tình .,cô tận tình,cô tận tình,Support from lecturers,tận tình,Positive
1889,hay điểm danh sớm .,hay điểm danh sớm,điểm danh sớm,Organization and management,hay điểm danh sớm,Neutral
1890,hơi khó tiếp thu .,hơi khó tiếp thu,hơi khó tiếp thu,Teaching quality,hơi khó,Negative
1891,giảng viên cho quá nhiều bài tập nhưng lại ít hướng dẫn và giải .,giảng viên cho quá nhiều bài tập, bài tập,Workload, cho quá nhiều,Negative
1891,giảng viên cho quá nhiều bài tập nhưng lại ít hướng dẫn và giải .,nhưng lại ít hướng dẫn và giải,hướng dẫn và giải,Support from lecturers,ít,Negative
1892,thầy có thể giảng sâu hơn về trọng tâm của bài hơn một chút nữa được không ạ .,thầy có thể giảng sâu hơn về trọng tâm của bài hơn một chút nữa được không ạ,giảng sâu hơn về trọng tâm của bài,Teaching quality,có thể giảng sâu hơn,Neutral
1893,cô quá tuyệt vời .,cô quá tuyệt vời,cô quá tuyệt vời,General review, tuyệt vời,Positive
1894,nhưng thầy cũng cho thời gian hỏi lại những điều chưa hiểu .,nhưng thầy cũng cho thời gian hỏi lại những điều chưa hiểu, hỏi lại những điều chưa hiểu,Support from lecturers,cũng cho thời gian ,Positive
1895,"phòng thực hành thì máy bị treo , bị hư hoài , dây mạng thì cắm lúc nhận lúc không .","phòng thực hành thì máy bị treo , bị hư hoài , dây mạng thì cắm lúc nhận lúc không",phòng thực hành,Learning environment,"máy bị treo , bị hư hoài , dây mạng thì cắm lúc nhận lúc không",Negative
1896,giảng viên đã dạy tốt .,giảng viên đã dạy tốt,giảng viên đã dạy,Teaching quality,tốt,Positive
1897,"buổi học trước buổi cuối cùng của môn học cô wzjwz48 có dặn tuần sau có đi học , ai muốn đi thì đi , không đi cũng không sao vì buổi đó không điểm danh nhưng khi đến lớp thì không có ai dạy .","buổi học trước buổi cuối cùng của môn học cô wzjwz48 có dặn tuần sau có đi học , ai muốn đi thì đi , không đi cũng không sao vì buổi đó không điểm danh nhưng khi đến lớp thì không có ai dạy",buổi học trước buổi cuối cùng của môn học cô wzjwz48 có dặn tuần sau có đi học,Organization and management,không có ai dạy,Negative
1898,thầy dạy rất hay và rất vui .,thầy dạy rất hay và rất vui,thầy dạy,Teaching quality,rất hay và rất vui,Positive
1899,thực hành chỉ cần sử dụng hình thức 2 .,thực hành chỉ cần sử dụng hình thức 2,thực hành,Test and evaluation,chỉ cần sử dụng,Neutral
1900,nên có thêm ví dụ cụ thể của giảng viên cho từng dạng toán thay vì chỉ sửa bài tập của sinh viên .,nên có thêm ví dụ cụ thể của giảng viên cho từng dạng toán, ví dụ cụ thể của giảng viên,Teaching quality,nên có thêm,Neutral
1900,nên có thêm ví dụ cụ thể của giảng viên cho từng dạng toán thay vì chỉ sửa bài tập của sinh viên .,thay vì chỉ sửa bài tập của sinh viên,sửa bài tập của sinh viên,Teaching quality,thay vì chỉ sửa,Negative
1901,"em hy vọng là nội dung bài học sẽ cập nhật các phiên bản công nghệ mới , gần đây nhất .","em hy vọng là nội dung bài học sẽ cập nhật các phiên bản công nghệ mới , gần đây nhất",nội dung bài học,Course information,hy vọng,Neutral
1902,lấy ví dụ từ thực tế dễ hiểu !,lấy ví dụ từ thực tế dễ hiểu,lấy ví dụ từ thực tế,Teaching quality,dễ hiểu,Positive
1903,"thầy nên cập nhật những kiến thức mới , thay vì vẫn sử dụng những nội dung kiến thức cũ .","thầy nên cập nhật những kiến thức mới , thay vì vẫn sử dụng những nội dung kiến thức cũ",cập nhật những kiến thức mới,Teaching quality,thay vì vẫn sử dụng những nội dung kiến thức cũ,Negative
1904,"giảng dạy tích cực , hiệu quả .","giảng dạy tích cực , hiệu quả",giảng dạy,Teaching quality,"tích cực , hiệu quả",Positive
1905,"thầy rất vui tính , có thể do thầy trẻ nên thầy hiểu được tụi em và có phương pháp dạy khá trẻ trung và hay .","thầy rất vui tính , có thể do thầy trẻ nên thầy hiểu được tụi em và có phương pháp dạy khá trẻ trung và hay ", phương pháp dạy,Teaching quality,"vui tính , có thể do thầy trẻ nên thầy hiểu được tụi em và có phương pháp dạy khá trẻ trung và hay",Positive
1906,thầy giảng dạy nhiệt tình và bổ sung những kiến thức khác cần thiết cho sinh viên .,thầy giảng dạy nhiệt tình và bổ sung những kiến thức khác cần thiết cho sinh viên,thầy giảng dạy,Teaching quality,nhiệt tình và bổ sung những kiến thức khác cần thiết,Positive
1907,"thầy dạy nhiệt tình , gần gũi , vui vẻ trong buổi học .","thầy dạy nhiệt tình , gần gũi , vui vẻ trong buổi học ",thầy dạy,Teaching quality,"nhiệt tình , gần gũi , vui vẻ",Positive
1908,nên có kho tài liệu và bài tập mẫu cho sinh viên tham khảo .,nên có kho tài liệu và bài tập mẫu cho sinh viên tham khảo , kho tài liệu và bài tập mẫu,Course information,nên có,Neutral
1909,"cô dạy hay , tận tâm với công việc .","cô dạy hay , tận tâm với công việc",cô dạy,Teaching quality,"hay , tận tâm",Positive
1910,thầy lúc nào cũng chỉ nghĩ cho thầy chứ không nghĩ cho người khác .,thầy lúc nào cũng chỉ nghĩ cho thầy chứ không nghĩ cho người khác,hầy lúc nào cũng chỉ nghĩ cho thầy,Support from lecturers,không nghĩ cho người khác,Negative
1911,rất thân thiện .,rất thân thiện,rất thân thiện,Support from lecturers,rất thân thiện,Positive
1912,"cô giảng lý thuyết quá nhanh làm em và nhiều bạn khác không nắm kịp , chủ yếu là về xem lại tài liệu mới hiểu được cơ bản , còn ở trên lớp thì chỉ sơ sơ .","cô giảng lý thuyết quá nhanh làm em và nhiều bạn khác không nắm kịp , chủ yếu là về xem lại tài liệu mới hiểu được cơ bản , còn ở trên lớp thì chỉ sơ sơ",cô giảng lý thuyết,Teaching quality,quá nhanh làm em và nhiều bạn khác không nắm kịp,Negative
1913,hay điểm danh .,hay điểm danh ,hay điểm danh ,General review,hay điểm danh,Neutral
1914,không đúng giờ lên lớp .,không đúng giờ lên lớp,giờ lên lớp,Organization and management,không đúng,Negative
1915,nhiệt tình tận tâm và vui vẻ .,nhiệt tình tận tâm và vui vẻ,nhiệt tình tận tâm và vui vẻ,Support from lecturers,nhiệt tình tận tâm và vui vẻ,Positive
1916,"các bài tập của nhóm đều tự làm , hoặc có tham khảo số liệu thống kê để phân tích thị trường nhưng lại làm tỉ lệ sao chép theo thuật toán của turnitindotcom > 30% ( theo thầy nói bài > 30 % sẽ bị 0 điểm ) .","các bài tập của nhóm đều tự làm , hoặc có tham khảo số liệu thống kê để phân tích thị trường nhưng lại làm tỉ lệ sao chép theo thuật toán của turnitindotcom > 30% ( theo thầy nói bài > 30 % sẽ bị 0 điểm )",các bài tập của nhóm,Test and evaluation,nhưng lại làm tỉ lệ sao chép theo thuật toán của turnitindotcom > 30% ( theo thầy nói bài > 30 % sẽ bị 0 điểm,Negative
1917,cần cho sinh viên làm bài tập nhiều hơn .,cần cho sinh viên làm bài tập nhiều hơn, bài tập,Workload,nhiều hơn,Neutral
1918,thầy giảng bài khá dễ hiểu .,thầy giảng bài khá dễ hiểu,thầy giảng bài,Teaching quality,khá dễ hiểu,Positive
1919,"theo em thì trường nên tổ chức thêm những buổi seminar về các phần mềm , giới thiệu về các hướng phát triển phần mềm trong bộ môn này .","theo em thì trường nên tổ chức thêm những buổi seminar về các phần mềm , giới thiệu về các hướng phát triển phần mềm trong bộ môn này",trường nên tổ chức thêm những buổi seminar,Organization and management, nên tổ chức thêm,Neutral
1920,"giảng viên dạy hơi nhanh , đôi lúc không bắt kịp bài .","giảng viên dạy hơi nhanh , đôi lúc không bắt kịp bài",giảng viên dạy,Teaching quality,"hơi nhanh , đôi lúc không bắt kịp bài",Negative
1921,"giải thích rõ vấn đề , hướng dẫn rõ .","giải thích rõ vấn đề , hướng dẫn rõ ","giải thích rõ vấn đề , hướng dẫn rõ ",Support from lecturers,"giải thích rõ vấn đề , hướng dẫn rõ ",Positive
1922,"chất lượng giảng dạy tốt , tâm huyết nhiệt tình .","chất lượng giảng dạy tốt , tâm huyết nhiệt tình",chất lượng giảng dạy,Teaching quality,"tốt , tâm huyết nhiệt tình",Positive
1923,"thầy dạy hay , dễ hiểu , có nhiều kiến thức bổ xung hay .","thầy dạy hay , dễ hiểu , có nhiều kiến thức bổ xung hay",thầy dạy,Teaching quality,"hay , dễ hiểu , có nhiều kiến thức bổ xung hay",Positive
1924,đề thi cuối kỳ quá dài so với thời gian kiểm tra .,đề thi cuối kỳ quá dài so với thời gian kiểm tra,đề thi cuối kỳ,Test and evaluation,quá dài,Negative
1925,cần có các bài tập thực tiễn hơn .,cần có các bài tập thực tiễn hơn, bài tập thực tiễn,Workload,cần có,Neutral
1926,thầy luôn đúng giờ .,thầy luôn đúng giờ, đúng giờ,Organization and management,thầy luôn đúng giờ,Positive
1927,phương pháp giảng dạy của giảng viên giúp anh fraction chị hiểu được và vận dụng được kiến thức .,phương pháp giảng dạy của giảng viên giúp anh fraction chị hiểu được và vận dụng được kiến thức,phương pháp giảng dạy,Teaching quality,hiểu được và vận dụng được,Positive
1928,"kiến thức thực hành không song song với lý thuyết , một số bài thực hành với kiến thức có khi trước cả khi được học ở lớp lý thuyết .","kiến thức thực hành không song song với lý thuyết , một số bài thực hành với kiến thức có khi trước cả khi được học ở lớp lý thuyết",kiến thức thực hành,Course information,không song song,Negative
1929,cô giảng bài rất nhiệt tình !,cô giảng bài rất nhiệt tình !,cô giảng bài,Teaching quality,nhiệt tình,Positive
1930,"đảm bảo giờ lên lớp , truyền đạt hiệu quả , tích cực .",đảm bảo giờ lên lớp,giờ lên lớp,Organization and management,đảm bảo,Positive
1930,"đảm bảo giờ lên lớp , truyền đạt hiệu quả , tích cực ."," truyền đạt hiệu quả , tích cực", truyền đạt,Teaching quality," hiệu quả , tích cực",Positive
1931,"nên trang bị thêm các lớp thực hành để sinh viên có cơ hội thao tác trên thực tế nhà trường nên trang bị rèm cửa sổ để tránh ánh sáng làm mờ máy chiếu , gây khó khăn trong việc báo cáo đồ án cũng như dạy học .",nên trang bị thêm các lớp thực hành để sinh viên có cơ hội thao tác trên thực tế,các lớp thực hành,Learning environment,nên trang bị thêm,Neutral
1931,"nên trang bị thêm các lớp thực hành để sinh viên có cơ hội thao tác trên thực tế nhà trường nên trang bị rèm cửa sổ để tránh ánh sáng làm mờ máy chiếu , gây khó khăn trong việc báo cáo đồ án cũng như dạy học .","nhà trường nên trang bị rèm cửa sổ để tránh ánh sáng làm mờ máy chiếu , gây khó khăn trong việc báo cáo đồ án cũng như dạy học ", nên trang bị rèm cửa sổ,Learning environment,gây khó khăn,Negative
1932,nội dung thực hành và lý thuyết phải sát nhau .,nội dung thực hành và lý thuyết phải sát nhau .,nội dung thực hành và lý thuyết,Course information,phải sát nhau,Neutral
1933,nhiệt tình giải thích cho sinh viên .,nhiệt tình giải thích cho sinh viên,giải thích cho sinh viên,Support from lecturers,nhiệt tình,Positive
1934,"giảng dạy tận tình , giải đáp thắc mắc thường xuyên .",giảng dạy tận tình,giảng dạy,Teaching quality,tận tình,Positive
1934,"giảng dạy tận tình , giải đáp thắc mắc thường xuyên .", giải đáp thắc mắc thường xuyên, giải đáp thắc mắc,Support from lecturers,thường xuyên,Positive
1935,"nhiệt tình , tâm huyết !","nhiệt tình , tâm huyết ","nhiệt tình , tâm huyết",Support from lecturers,"nhiệt tình , tâm huyết",Positive
1936,thầy cô đảm bảo thời gian lên lớp .,thầy cô đảm bảo thời gian lên lớp, thời gian lên lớp,Organization and management,đảm bảo,Positive
1937,"máy chiếu khá mờ , âm thanh gặp nhiều vấn đề trục trặc .",máy chiếu khá mờ,máy chiếu,Learning environment,khá mờ,Negative
1937,"máy chiếu khá mờ , âm thanh gặp nhiều vấn đề trục trặc .",âm thanh gặp nhiều vấn đề trục trặc,âm thanh ,Learning environment,gặp nhiều vấn đề trục trặc,Negative
1938,điều em hài lòng nhất đó là giảng viên nhiệt tình va luôn tạo được cảm giác hứng thú khi mà học tiếng anh .,điều em hài lòng nhất đó là giảng viên nhiệt tình va luôn tạo được cảm giác hứng thú khi mà học tiếng anh,giảng viên nhiệt tình,Teaching quality,hài lòng nhất,Positive
1939,"giảng viên giảng dạy nhiệt tình , dễ hiểu .","giảng viên giảng dạy nhiệt tình , dễ hiểu",giảng viên giảng dạy,Teaching quality,"nhiệt tình , dễ hiểu",Positive
1940,cần có các thiết bị thực hành đầy đủ .,cần có các thiết bị thực hành đầy đủ, thiết bị thực hành,Learning environment,cần có,Neutral
1941,mấy cái khảo sát trước em tưởng một là tốt nhất nên đánh nhầm rồi ạ .,mấy cái khảo sát trước em tưởng một là tốt nhất nên đánh nhầm rồi ạ,khảo sát,Test and evaluation,đánh nhầm,Neutral
1942,thầy khá dễ .,thầy khá dễ,thầy khá dễ,Support from lecturers,dễ,Positive
1943,"phong cách dạy của thầy làm cho sinh viên thấy gần gũi , tạo cảm giác nắm bắt , hiểu được bài giảng tốt hơn .","phong cách dạy của thầy làm cho sinh viên thấy gần gũi , tạo cảm giác nắm bắt , hiểu được bài giảng tốt hơn",phong cách dạy,Teaching quality,"gần gũi , tạo cảm giác nắm bắt , hiểu được bài giảng tốt hơn",Positive
1944,cho bài tập cụ thể .,cho bài tập cụ thể,cho bài tập cụ thể,Workload, cụ thể,Neutral
1945,chỉ bảo sinh viên ở từng lỗi nhỏ .,chỉ bảo sinh viên ở từng lỗi nhỏ,chỉ bảo sinh viên ở từng lỗi nhỏ,Support from lecturers,chỉ bảo sinh viên ở từng lỗi nhỏ,Positive
1946,và có một số vấn đề thầy khó hiểu .,và có một số vấn đề thầy khó hiểu,vấn đề thầy khó hiểu,Teaching quality,khó hiểu,Negative
1947,"thầy dạy rất nhiệt tình , rất tâm huyết , ôn tập rất kỹ .","thầy dạy rất nhiệt tình , rất tâm huyết , ôn tập rất kỹ",thầy dạy,Teaching quality," nhiệt tình , rất tâm huyết , ôn tập rất kỹ",Positive
1948,"sinh viên đến lớp mà không thấy giáo viên , rồi bị đuổi về .","sinh viên đến lớp mà không thấy giáo viên , rồi bị đuổi về",đến lớp mà không thấy giáo viên,Organization and management,"không thấy giáo viên , rồi bị đuổi về",Negative
1949,"tận tâm , nhiệt tình với sinh viên .","tận tâm , nhiệt tình với sinh viên","tận tâm , nhiệt tình với sinh viên",Support from lecturers,"tận tâm , nhiệt tình",Positive
1950,"lịch dạy học thay đổi liên tục , không cố định .","lịch dạy học thay đổi liên tục , không cố định ",lịch dạy học,Organization and management,"thay đổi liên tục , không cố định",Negative
1951,cô giảng nhiệt tình .,cô giảng nhiệt tình ,cô giảng,Teaching quality,nhiệt tình,Positive
1952,cho sinh viên làm nhiều bài tập từ dễ đến khó để hiểu bài .,cho sinh viên làm nhiều bài tập từ dễ đến khó để hiểu bài, bài tập,Workload,làm nhiều bài tập từ dễ đến khó để hiểu bài,Positive
1953,em thấy thầy dạy hay hơn thầy wzjwz301 hi hi .,em thấy thầy dạy hay hơn thầy wzjwz301 hi hi ,thầy dạy,Teaching quality,hay hơn,Positive
1955,giáo viên nên có định hướng cho sinh viên trong việc chọn đề tài nghiên cứu .,giáo viên nên có định hướng cho sinh viên trong việc chọn đề tài nghiên cứu,định hướng cho sinh viên,Support from lecturers,nên có,Neutral
1956,"môn học chỉ đề cập các vấn đề chung của một ngôn ngữ hướng đối tượng đã học ở môn lập trình hướng đối tượng , lập trình windows , đa luồng , đồ họa .","môn học chỉ đề cập các vấn đề chung của một ngôn ngữ hướng đối tượng đã học ở môn lập trình hướng đối tượng , lập trình windows , đa luồng , đồ họa","môn học chỉ đề cập các vấn đề chung của một ngôn ngữ hướng đối tượng đã học ở môn lập trình hướng đối tượng , lập trình windows , đa luồng , đồ họa ",Course information,chỉ đề cập,Neutral
1957,slide dễ nhìn .,slide dễ nhìn,slide,Teaching quality,dễ nhìn,Positive
1958,có nhiều tài liệu hay .,có nhiều tài liệu hay,nhiều tài liệu,Course information,hay,Positive
1959,thầy dạy vô cùng chán và không có tâm huyết .,thầy dạy vô cùng chán và không có tâm huyết,thầy dạy,Teaching quality,vô cùng chán và không có tâm huyết,Negative
1960,nên nâng cấp và bảo trì các phòng máy cũ thường xuyên hơn .,nên nâng cấp và bảo trì các phòng máy cũ thường xuyên hơn,phòng máy,Learning environment,nên nâng cấp và bảo trì,Neutral
1961,thầy rất hiểu tâm lý của sinh viên .,thầy rất hiểu tâm lý của sinh viên,thầy rất hiểu tâm lý của sinh viên,Support from lecturers,rất hiểu tâm lý ,Positive
1962,giảng viên nhiệt tình giảng dạy và giải đáp thắc mắc của sinh viên .,giảng viên nhiệt tình giảng dạy và giải đáp thắc mắc của sinh viên, giảng dạy,Teaching quality,nhiệt tình giảng dạy và giải đáp thắc mắc,Positive
1963,thầy giảng còn hơi khó hiểu khó tiếp thu .,thầy giảng còn hơi khó hiểu khó tiếp thu,thầy giảng,Teaching quality,còn hơi khó hiểu khó tiếp thu,Negative
1964,đề thực hành quá khó .,đề thực hành quá khó,đề thực hành,Test and evaluation,quá khó,Negative
1965,thầy dạy có tâm .,thầy dạy có tâm ,thầy dạy,Teaching quality,có tâm,Positive
1966,"nhiều cái đọc không thể hiểu nổi , phải mở sách tiếng anh ra đọc mới hiểu .","nhiều cái đọc không thể hiểu nổi , phải mở sách tiếng anh ra đọc mới hiểu","nhiều cái đọc không thể hiểu nổi , phải mở sách tiếng anh ra đọc mới hiểu",Course information,không thể hiểu nổi,Negative
1967,chưa thấy giáo viên bao giờ .,chưa thấy giáo viên bao giờ,chưa thấy giáo viên bao giờ,Organization and management,chưa thấy,Negative
1968,sử dụng song ngữ nên dễ hiểu .,sử dụng song ngữ nên dễ hiểu,sử dụng song ngữ,Teaching quality,dễ hiểu,Positive
1969,"thầy ơi giảng bài tự tin lên thầy , nói nhiều khi nhỏ quá không ai nghe được .","thầy ơi giảng bài tự tin lên thầy , nói nhiều khi nhỏ quá không ai nghe được",giảng bài,Teaching quality,"tự tin lên thầy , nói nhiều khi nhỏ quá không ai nghe được",Negative
1970,mang tính thực tế .,mang tính thực tế,mang tính thực tế,General review,mang tính thực tế,Neutral
1971,"tập trung giảng dạy những kiến thức có ích cho chuyên ngành sau này hơn , những kiến thức không quan trọng nên bỏ qua hoặc dạy lướt qua .","tập trung giảng dạy những kiến thức có ích cho chuyên ngành sau này hơn , những kiến thức không quan trọng nên bỏ qua hoặc dạy lướt qua", giảng dạy,Teaching quality,"tập trung giảng dạy những kiến thức có ích cho chuyên ngành sau này hơn , những kiến thức không quan trọng nên bỏ qua hoặc dạy lướt qua",Neutral
1972,dạy quá tệ .,dạy quá tệ,dạy,Teaching quality,quá tệ,Negative
1973,"giáo viên rất vui tính , niềm nở với học sinh .","giáo viên rất vui tính , niềm nở với học sinh","giáo viên rất vui tính , niềm nở với học sinh",Support from lecturers,"vui tính , niềm nở",Positive
1974,"hướng dẫn làm đồ án môn học chưa chi tiết , cảm thấy lý thuyết và thực hành không liên quan nhiều đến nhau .",hướng dẫn làm đồ án môn học chưa chi tiết,hướng dẫn làm đồ án,Support from lecturers,chưa chi tiết,Negative
1974,"hướng dẫn làm đồ án môn học chưa chi tiết , cảm thấy lý thuyết và thực hành không liên quan nhiều đến nhau .", cảm thấy lý thuyết và thực hành không liên quan nhiều đến nhau,lý thuyết và thực hành,Course information,không liên quan nhiều đến nhau,Negative
1975,"thường xuyên vắng mặt , sinh viên đến học không có giảng viên , không rõ lý do , không có bất cứ thông báo nào trước , gây lãng phí thời gian , chi phí đi lại của sinh viên .","thường xuyên vắng mặt , sinh viên đến học không có giảng viên , không rõ lý do , không có bất cứ thông báo nào trước , gây lãng phí thời gian , chi phí đi lại của sinh viên","thường xuyên vắng mặt , sinh viên đến học không có giảng viên , không rõ lý do , không có bất cứ thông báo nào trước",Organization and management,"thường xuyên vắng mặt , sinh viên đến học không có giảng viên , không rõ lý do , không có bất cứ thông báo nào trước , gây lãng phí thời gian , chi phí đi lại của sinh viên",Negative
1976,phải nâng cấp phòng máy .,phải nâng cấp phòng máy, phòng máy,Learning environment,phải nâng cấp,Negative
1977,"thầy dạy rất hay , cảm ơn thầy ạ .","thầy dạy rất hay , cảm ơn thầy ạ",thầy dạy,Teaching quality,"rất hay , cảm ơn thầy ạ",Positive
1978,"phương pháp giảng dạy chưa được tốt , cần phải cụ thể hơn để cho sinh viên dễ hiểu hơn nữa .","phương pháp giảng dạy chưa được tốt , cần phải cụ thể hơn để cho sinh viên dễ hiểu hơn nữa",phương pháp giảng dạy,Teaching quality,"chưa được tốt , cần phải cụ thể hơn ",Negative
1979,số buổi ôn tập còn ít .,số buổi ôn tập còn ít ,số buổi ôn tập,Organization and management, ít,Negative
1980,cô rất nhiệt tình khi chỉ và dạy .,cô rất nhiệt tình khi chỉ và dạy,cô rất nhiệt tình khi chỉ và dạy,Support from lecturers,nhiệt tình,Positive
1981,"thầy thường hay cho từ khóa để tăng khả năng tự học của sinh viên , giúp sinh viên có ý thức tự học suốt đời .","thầy thường hay cho từ khóa để tăng khả năng tự học của sinh viên , giúp sinh viên có ý thức tự học suốt đời",thầy thường hay cho từ khóa,Teaching quality,"tăng khả năng tự học của sinh viên , giúp sinh viên có ý thức tự học",Positive
1982,rèn luyện tư duy .,rèn luyện tư duy,rèn luyện tư duy,General review,rèn luyện tư duy,Neutral
1983,"chính vì lẽ đó , mong nhà trường có thể đòi lại quyền lợi cho sinh viên .","chính vì lẽ đó , mong nhà trường có thể đòi lại quyền lợi cho sinh viên",mong nhà trường có thể đòi lại quyền lợi cho sinh viên,Organization and management,mong nhà trường có thể đòi lại quyền lợi cho sinh viên,Neutral
1984,seminar quá nhiều .,seminar quá nhiều,seminar,Organization and management,quá nhiều,Negative
1985,"cô dạy cực kỳ nhiệt tình , hiểu tâm lý học sinh , cách giảng bài hay .","cô dạy cực kỳ nhiệt tình , hiểu tâm lý học sinh , cách giảng bài hay",cô dạy,Teaching quality,"cực kỳ nhiệt tình , hiểu tâm lý học sinh , cách giảng bài hay",Positive
1986,liên hệ đến thực tiễn .,liên hệ đến thực tiễn,liên hệ đến thực tiễn,General review,liên hệ đến thực tiễn,Neutral
1987,thầy sử dụng bảng và liên tục ghi chép từ tài liệu trong khoảng 60% thời gian đứng lớp làm tiết học rất chán và buồn ngủ .,thầy sử dụng bảng và liên tục ghi chép từ tài liệu trong khoảng 60% thời gian đứng lớp làm tiết học rất chán và buồn ngủ,thầy sử dụng bảng và liên tục ghi chép,Teaching quality,rất chán và buồn ngủ,Negative
1988,"giảng viên dạy học cực kỳ tận tình , cô wzjwz270 có giải đề và lưu ý trước khi thi cho cả lớp , cô cũng chỉnh sửa đồ án cho những nhóm trình bày để hoàn thiện hơn đồ án của các nhóm colonsmile .",giảng viên dạy học cực kỳ tận tình,giảng viên dạy học,Teaching quality,cực kỳ tận tình,Positive
1988,"giảng viên dạy học cực kỳ tận tình , cô wzjwz270 có giải đề và lưu ý trước khi thi cho cả lớp , cô cũng chỉnh sửa đồ án cho những nhóm trình bày để hoàn thiện hơn đồ án của các nhóm colonsmile .","cô wzjwz270 có giải đề và lưu ý trước khi thi cho cả lớp , cô cũng chỉnh sửa đồ án cho những nhóm trình bày để hoàn thiện hơn đồ án của các nhóm colonsmile","cô wzjwz270 có giải đề và lưu ý trước khi thi cho cả lớp , cô cũng chỉnh sửa đồ án cho những nhóm trình bày để hoàn thiện hơn đồ án của các nhóm colonsmile",Support from lecturers,"giải đề và lưu ý trước khi thi cho cả lớp , cô cũng chỉnh sửa đồ án cho những nhóm trình bày để hoàn thiện hơn đồ án của các nhóm colonsmile",Positive
1989,"thưa , thầy thực sự chuyên tâm trong quá trình giảng dạy và các bài tập thầy đưa rất bổ ích , mang tính thực tiễn .","thưa , thầy thực sự chuyên tâm trong quá trình giảng dạy",quá trình giảng dạy,Teaching quality,chuyên tâm,Positive
1989,"thưa , thầy thực sự chuyên tâm trong quá trình giảng dạy và các bài tập thầy đưa rất bổ ích , mang tính thực tiễn ."," các bài tập thầy đưa rất bổ ích , mang tính thực tiễn", bài tập,Workload,"bổ ích , mang tính thực tiễn",Positive
1990,thay đổi cách truyền đạt để môn học ít nhàm chán hơn .,thay đổi cách truyền đạt để môn học ít nhàm chán hơn,cách truyền đạt,Teaching quality,thay đổi cách truyền đạt để môn học ít nhàm chán hơn,Negative
1991,"phương pháp giảng dạy rất hay , nhiệt tình .","phương pháp giảng dạy rất hay , nhiệt tình",phương pháp giảng dạy,Teaching quality,"rất hay , nhiệt tình",Positive
1992,"cô rất chu đáo , nhiệt tình .","cô rất chu đáo , nhiệt tình ","cô rất chu đáo , nhiệt tình ",Support from lecturers,"chu đáo , nhiệt tình",Positive
1993,cần có bài giảng trên slide và nhiều ví dụ hơn .,cần có bài giảng trên slide và nhiều ví dụ hơn,bài giảng trên slide,Teaching quality,cần có bài giảng trên slide và nhiều ví dụ hơn,Neutral
1994,"giảng viên giảng dạy nhiệt tình , giải đáp được thắc mắc của sinh viên .",giảng viên giảng dạy nhiệt tình,giảng viên giảng dạy,Teaching quality,nhiệt tình,Positive
1994,"giảng viên giảng dạy nhiệt tình , giải đáp được thắc mắc của sinh viên .",giải đáp được thắc mắc của sinh viên,giải đáp được thắc mắc của sinh viên,Support from lecturers,giải đáp được,Positive
1995,"môn học rất khó , giảng viên nên giải nhiều bài tập trên lớp hơn .",môn học rất khó,môn học,Course information,rất khó,Negative
1995,"môn học rất khó , giảng viên nên giải nhiều bài tập trên lớp hơn .",giảng viên nên giải nhiều bài tập trên lớp hơn,giảng viên nên giải nhiều bài tập,Teaching quality,nên giải nhiều bài tập,Neutral
1996,"giảng viên dạy cực kỳ nhiệt tình , dễ hiểu , lớp học sôi nổi , đạt hiệu quả cao .","giảng viên dạy cực kỳ nhiệt tình , dễ hiểu",giảng viên dạy,Teaching quality,"cực kỳ nhiệt tình , dễ hiểu",Positive
1996,"giảng viên dạy cực kỳ nhiệt tình , dễ hiểu , lớp học sôi nổi , đạt hiệu quả cao .","lớp học sôi nổi , đạt hiệu quả cao","lớp học sôi nổi , đạt hiệu quả cao",Learning environment,"sôi nổi , đạt hiệu quả cao",Positive
1997,"giảng viên quan tâm tận tình tới sinh viên , truyền đạt hiệu quả .",giảng viên quan tâm tận tình tới sinh viên,giảng viên quan tâm tận tình tới sinh viên,Support from lecturers,quan tâm tận tình,Positive
1997,"giảng viên quan tâm tận tình tới sinh viên , truyền đạt hiệu quả .", truyền đạt hiệu quả ,truyền đạt,Teaching quality,hiệu quả,Positive
1999,"thầy chú trọng dạy những quy ước , nguyên tắc khi code để code rõ ràng , dễ hiểu .","thầy chú trọng dạy những quy ước , nguyên tắc khi code để code rõ ràng , dễ hiểu",thầy chú trọng dạy,Teaching quality,"rõ ràng , dễ hiểu",Positive
2000,"chứ như tình trạng hiện tại là môn thực hành học trước , qua kỳ sau mới được học lý thuyết thì mất đi tính tiếp nối kiến thức trong quá trình học .","chứ như tình trạng hiện tại là môn thực hành học trước , qua kỳ sau mới được học lý thuyết thì mất đi tính tiếp nối kiến thức trong quá trình học"," môn thực hành học trước , qua kỳ sau mới được học lý thuyết",Organization and management,mất đi tính tiếp nối kiến thức,Negative